pc6/520Proj4/proj4/3-way-pthreads/slurm-3453123.out:DATA, 2, (null), 4537933.541000, 4, 6166884, 5864096
pc6/520Proj4/proj4/3-way-pthreads/slurm-3453330.out:DATA, 2, (null), 9095785.184000, 2, 6316276, 6160876
pc6/520Proj4/proj4/3-way-pthreads/slurm-3453343.out:DATA, 2, (null), 8519045.913000, 1, 6242544, 6160916
pc6/520Proj4/proj4/3-way-pthreads/slurm-3452655.out:DATA, 2, (null), 587305.800000, 4, 3967656, 3257032
pc6/520Proj4/proj4/3-way-pthreads/slurm-3453193.out:DATA, 2, (null), 2101156.100000, 4, 6463748, 6160964
pc6/520Proj4/proj4/3-way-pthreads/slurm-3453351.out:DATA, 2, (null), 4551053.165000, 4, 6463748, 6160892
pc6/520Proj4/proj4/3-way-pthreads/slurm-3453378.out:DATA, 2, (null), 2289952.959000, 32, 6248084, 6161240
pc6/520Proj4/proj4/3-way-pthreads/slurm-3452601.out:DATA, 2, (null), 2216134.321000, 4, 3967656, 3227596
pc6/520Proj4/proj4/3-way-pthreads/slurm-3453412.out:DATA, 2, (null), 573744.606000, 16, 7250260, 6161100
pc6/520Proj4/proj4/3-way-pthreads/slurm-3453138.out:DATA, 2, (null), 2276711.249000, 2, 6019404, 5864000
pc6/520Proj4/proj4/3-way-pthreads/slurm-3453191.out:DATA, 2, (null), 4398893.211000, 2, 6316276, 6160876
pc6/520Proj4/proj4/3-way-pthreads/slurm-3452621.out:DATA, 2, (null), 1055197.410000, 8, 4229816, 3227604
pc6/520Proj4/proj4/3-way-pthreads/slurm-3453359.out:DATA, 2, (null), 4672548.659000, 32, 6248084, 6160648
pc6/520Proj4/proj4/3-way-pthreads/slurm-3453149.out:DATA, 2, (null), 2273575.056000, 32, 6044836, 5864188
pc6/520Proj4/proj4/3-way-pthreads/slurm-3452669.out:DATA, 2, (null), 993569.977000, 2, 3820184, 3450532
pc6/520Proj4/proj4/3-way-pthreads/slurm-3452680.out:DATA, 2, (null), 145511.772000, 16, 4752152, 3419360
pc6/520Proj4/proj4/3-way-pthreads/slurm-3453356.out:DATA, 2, (null), 4548853.232000, 16, 7250260, 6161040
pc6/520Proj4/proj4/3-way-pthreads/slurm-3453250.out:DATA, 2, (null), 4560073.594000, 32, 6248084, 6161240
pc6/520Proj4/proj4/3-way-pthreads/slurm-3453400.out:DATA, 2, (null), 8616767.606000, 1, 6242544, 6160868
pc6/520Proj4/proj4/3-way-pthreads/slurm-3453344.out:DATA, 2, (null), 8518080.573000, 1, 6242544, 6160868
pc6/520Proj4/proj4/3-way-pthreads/slurm-3452653.out:DATA, 2, (null), 1057951.373000, 2, 3820184, 3227572
pc6/520Proj4/proj4/3-way-pthreads/slurm-3453186.out:DATA, 2, (null), 1180594.899000, 32, 6248084, 6161244
pc6/520Proj4/proj4/3-way-pthreads/slurm-3453203.out:DATA, 2, (null), 576371.062000, 32, 6248084, 6161248
pc6/520Proj4/proj4/3-way-pthreads/slurm-3452612.out:DATA, 2, (null), 2331513.348000, 1, 3746448, 3227540
pc6/520Proj4/proj4/3-way-pthreads/slurm-3453345.out:DATA, 2, (null), 8517900.719000, 1, 6242544, 6160916
pc6/520Proj4/proj4/3-way-pthreads/slurm-3452629.out:DATA, 2, (null), 1162566.454000, 32, 4579992, 3227620
pc6/520Proj4/proj4/3-way-pthreads/slurm-3453288.out:DATA, 2, (null), 7904298.862000, 1, 6242544, 6160868
pc6/520Proj4/proj4/3-way-pthreads/slurm-3453141.out:DATA, 2, (null), 2277088.696000, 4, 6166884, 5864096
pc6/520Proj4/proj4/3-way-pthreads/slurm-3453237.out:DATA, 2, (null), 4641415.562000, 2, 6316276, 6160876
pc6/520Proj4/proj4/3-way-pthreads/slurm-3453233.out:DATA, 2, (null), 8842072.151000, 1, 6242544, 6160868
pc6/520Proj4/proj4/3-way-pthreads/slurm-3453272.out:DATA, 2, (null), 4641878.133000, 2, 6316276, 6160876
pc6/520Proj4/proj4/3-way-pthreads/slurm-3453248.out:DATA, 2, (null), 4560775.035000, 32, 6248084, 6161240
pc6/520Proj4/proj4/3-way-pthreads/slurm-3453371.out:DATA, 2, (null), 2279626.467000, 8, 6725908, 6160996
pc6/520Proj4/proj4/3-way-pthreads/slurm-3453275.out:DATA, 2, (null), 2213120.085000, 4, 6463748, 6160892
pc6/520Proj4/proj4/3-way-pthreads/slurm-3453204.out:DATA, 2, (null), 603424.647000, 32, 6248084, 6161240
pc6/520Proj4/proj4/3-way-pthreads/slurm-3453175.out:DATA, 2, (null), 1164064.968000, 4, 6166884, 5863800
pc6/520Proj4/proj4/3-way-pthreads/slurm-3453355.out:DATA, 2, (null), 4526525.408000, 16, 7250260, 6161040
pc6/520Proj4/proj4/3-way-pthreads/slurm-3452643.out:DATA, 2, (null), 623702.436000, 16, 4752152, 3227676
pc6/520Proj4/proj4/3-way-pthreads/slurm-3453166.out:DATA, 2, (null), 1158715.277000, 32, 6044836, 5864184
pc6/520Proj4/proj4/3-way-pthreads/slurm-3453262.out:DATA, 2, (null), 2324470.768000, 8, 6725908, 6160968
pc6/520Proj4/proj4/3-way-pthreads/slurm-3452596.out:DATA, 2, (null), 2268004.557000, 1, 3746448, 3227540
pc6/520Proj4/proj4/3-way-pthreads/slurm-3453159.out:DATA, 2, (null), 1160648.233000, 4, 6166884, 5864096
pc6/520Proj4/proj4/3-way-pthreads/slurm-3453372.out:DATA, 2, (null), 2281314.457000, 16, 7250260, 6161040
pc6/520Proj4/proj4/3-way-pthreads/slurm-3452638.out:DATA, 2, (null), 583612.182000, 4, 3967656, 3227596
pc6/520Proj4/proj4/3-way-pthreads/slurm-3453332.out:DATA, 2, (null), 9093769.618000, 4, 6463748, 6160964
pc6/520Proj4/proj4/3-way-pthreads/slurm-3453364.out:DATA, 2, (null), 4412609.941000, 2, 6316276, 6160932
pc6/520Proj4/proj4/3-way-pthreads/slurm-3453333.out:DATA, 2, (null), 9093903.691000, 4, 6463748, 6160892
pc6/520Proj4/proj4/3-way-pthreads/slurm-3453331.out:DATA, 2, (null), 9095064.405000, 4, 6463748, 6160964
pc6/520Proj4/proj4/3-way-pthreads/slurm-3453382.out:DATA, 2, (null), 4184575.166000, 2, 6316276, 6160876
pc6/520Proj4/proj4/3-way-pthreads/slurm-3453146.out:DATA, 2, (null), 2274467.559000, 16, 6953380, 5864176
pc6/520Proj4/proj4/3-way-pthreads/slurm-3452602.out:DATA, 2, (null), 2215401.806000, 4, 3967656, 3227596
pc6/520Proj4/proj4/3-way-pthreads/slurm-3453287.out:DATA, 2, (null), 8589880.527000, 1, 6242544, 6160868
pc6/520Proj4/proj4/3-way-pthreads/slurm-3453261.out:DATA, 2, (null), 2323272.570000, 8, 6725908, 6160964
pc6/520Proj4/proj4/3-way-pthreads/slurm-3453158.out:DATA, 2, (null), 1160694.579000, 4, 6166884, 5864096
pc6/520Proj4/proj4/3-way-pthreads/slurm-3452597.out:DATA, 2, (null), 2333367.926000, 2, 3820184, 3227628
pc6/520Proj4/proj4/3-way-pthreads/slurm-3452665.out:DATA, 2, (null), 299292.003000, 32, 4579992, 3413252
pc6/520Proj4/proj4/3-way-pthreads/slurm-3452641.out:DATA, 2, (null), 582096.517000, 8, 4229816, 3227572
pc6/520Proj4/proj4/3-way-pthreads/slurm-3452606.out:DATA, 2, (null), 2229716.169000, 16, 4752152, 3227696
pc6/520Proj4/proj4/3-way-pthreads/slurm-3452687.out:DATA, 2, (null), 146038.295000, 32, 4579992, 3236700
pc6/520Proj4/proj4/3-way-pthreads/slurm-3453373.out:DATA, 2, (null), 2279962.220000, 16, 7250260, 6161008
pc6/520Proj4/proj4/3-way-pthreads/slurm-3453341.out:DATA, 2, (null), 8458382.966000, 32, 6248084, 6161208
pc6/520Proj4/proj4/3-way-pthreads/slurm-3453337.out:DATA, 2, (null), 9094144.657000, 16, 7250260, 6161040
pc6/520Proj4/proj4/3-way-pthreads/slurm-3453376.out:DATA, 2, (null), 2280034.586000, 32, 6248084, 6161240
pc6/520Proj4/proj4/3-way-pthreads/slurm-3453374.out:DATA, 2, (null), 2225087.711000, 16, 7250260, 6161040
pc6/520Proj4/proj4/3-way-pthreads/slurm-3452672.out:DATA, 2, (null), 583380.715000, 4, 3967656, 3228164
pc6/520Proj4/proj4/3-way-pthreads/slurm-3453120.out:DATA, 2, (null), 4540941.055000, 2, 6019404, 5864000
pc6/520Proj4/proj4/3-way-pthreads/slurm-3453311.out:DATA, 2, (null), 650743.016000, 32, 6248084, 6161240
pc6/520Proj4/proj4/3-way-pthreads/slurm-3453242.out:DATA, 2, (null), 4555987.198000, 8, 6725908, 6160980
pc6/520Proj4/proj4/3-way-pthreads/slurm-3453161.out:DATA, 2, (null), 1121134.599000, 8, 6429060, 5864100
pc6/520Proj4/proj4/3-way-pthreads/slurm-3452624.out:DATA, 2, (null), 1140740.926000, 16, 4752152, 3227700
pc6/520Proj4/proj4/3-way-pthreads/slurm-3452619.out:DATA, 2, (null), 1113556.344000, 4, 3967656, 3228396
pc6/520Proj4/proj4/3-way-pthreads/slurm-3452670.out:DATA, 2, (null), 992660.362000, 2, 3820184, 3441640
pc6/520Proj4/proj4/3-way-pthreads/slurm-3453221.out:DATA, 2, (null), 10556554.065000, 4, 6463748, 6160892
pc6/520Proj4/proj4/3-way-pthreads/slurm-3453222.out:DATA, 2, (null), 10556774.141000, 4, 6463748, 6160964
pc6/520Proj4/proj4/3-way-pthreads/slurm-3453198.out:DATA, 2, (null), 1109727.660000, 8, 6725908, 6160968
pc6/520Proj4/proj4/3-way-pthreads/slurm-3453361.out:DATA, 2, (null), 8337084.452000, 1, 6242544, 6160868
pc6/520Proj4/proj4/3-way-pthreads/slurm-3453126.out:DATA, 2, (null), 4204496.294000, 8, 6429060, 5864100
pc6/520Proj4/proj4/3-way-pthreads/slurm-3453363.out:DATA, 2, (null), 8335162.691000, 1, 6242544, 6160868
pc6/520Proj4/proj4/3-way-pthreads/slurm-3453366.out:DATA, 2, (null), 4404864.384000, 2, 6316276, 6160876
pc6/520Proj4/proj4/3-way-pthreads/slurm-3453401.out:DATA, 2, (null), 3979623.895000, 2, 6316276, 6160936
pc6/520Proj4/proj4/3-way-pthreads/slurm-3452608.out:DATA, 2, (null), 2119423.835000, 16, 4752152, 3227664
pc6/520Proj4/proj4/3-way-pthreads/slurm-3453197.out:DATA, 2, (null), 1108241.567000, 8, 6725908, 6160996
pc6/520Proj4/proj4/3-way-pthreads/slurm-3453399.out:DATA, 2, (null), 7917437.398000, 1, 6242544, 6160868
pc6/520Proj4/proj4/3-way-pthreads/slurm-3453202.out:DATA, 2, (null), 576074.464000, 32, 6248084, 6161240
pc6/520Proj4/proj4/3-way-pthreads/slurm-3453273.out:DATA, 2, (null), 4182325.654000, 2, 6316276, 6160876
pc6/520Proj4/proj4/3-way-pthreads/slurm-3453260.out:DATA, 2, (null), 2322914.849000, 8, 6725908, 6160964
pc6/520Proj4/proj4/3-way-pthreads/slurm-3453279.out:DATA, 2, (null), 1142230.504000, 8, 6725908, 6160964
pc6/520Proj4/proj4/3-way-pthreads/slurm-3453227.out:DATA, 2, (null), 9394503.658000, 16, 7250260, 6161008
pc6/520Proj4/proj4/3-way-pthreads/slurm-3453122.out:DATA, 2, (null), 4538437.112000, 4, 6166884, 5864024
pc6/520Proj4/proj4/3-way-pthreads/slurm-3453116.out:DATA, 2, (null), 4505997.931000, 1, 5945668, 5863996
pc6/520Proj4/proj4/3-way-pthreads/slurm-3453259.out:DATA, 2, (null), 2326698.092000, 4, 6463748, 6160892
pc6/520Proj4/proj4/3-way-pthreads/slurm-3453135.out:DATA, 2, (null), 4504221.977000, 1, 5945668, 5863992
pc6/520Proj4/proj4/3-way-pthreads/slurm-3452615.out:DATA, 2, (null), 1141676.152000, 2, 3820184, 3227628
pc6/520Proj4/proj4/3-way-pthreads/slurm-3453305.out:DATA, 2, (null), 1164135.026000, 8, 6725908, 6160980
pc6/520Proj4/proj4/3-way-pthreads/slurm-3453127.out:DATA, 2, (null), 4545937.699000, 16, 6953380, 5864176
pc6/520Proj4/proj4/3-way-pthreads/slurm-3453350.out:DATA, 2, (null), 4551149.210000, 4, 6463748, 6160892
pc6/520Proj4/proj4/3-way-pthreads/slurm-3452600.out:DATA, 2, (null), 2332638.853000, 4, 3967656, 3227668
pc6/520Proj4/proj4/3-way-pthreads/slurm-3453387.out:DATA, 2, (null), 2208722.215000, 4, 6463748, 6160892
pc6/520Proj4/proj4/3-way-pthreads/slurm-3453134.out:DATA, 2, (null), 4201126.663000, 1, 5945668, 5863992
pc6/520Proj4/proj4/3-way-pthreads/slurm-3453339.out:DATA, 2, (null), 8339945.125000, 16, 7250260, 6161040
pc6/520Proj4/proj4/3-way-pthreads/slurm-3453257.out:DATA, 2, (null), 2254389.456000, 4, 6463748, 6160892
pc6/520Proj4/proj4/3-way-pthreads/slurm-3453277.out:DATA, 2, (null), 2285469.083000, 4, 6463748, 6160964
pc6/520Proj4/proj4/3-way-pthreads/slurm-3453231.out:DATA, 2, (null), 8771326.744000, 32, 6248084, 6161208
pc6/520Proj4/proj4/3-way-pthreads/slurm-3453220.out:DATA, 2, (null), 10544976.631000, 4, 6463748, 6160892
pc6/520Proj4/proj4/3-way-pthreads/slurm-3453179.out:DATA, 2, (null), 717235.082000, 8, 6429060, 5864136
pc6/520Proj4/proj4/3-way-pthreads/slurm-3453380.out:DATA, 2, (null), 8719092.511000, 1, 6242544, 6160868
pc6/520Proj4/proj4/3-way-pthreads/slurm-3453200.out:DATA, 2, (null), 669691.139000, 16, 7250260, 6161044
pc6/520Proj4/proj4/3-way-pthreads/slurm-3453388.out:DATA, 2, (null), 1140642.630000, 8, 6725908, 6160964
pc6/520Proj4/proj4/3-way-pthreads/slurm-3453413.out:DATA, 2, (null), 579886.953000, 32, 6248084, 6161240
pc6/520Proj4/proj4/3-way-pthreads/slurm-3453150.out:DATA, 2, (null), 2272719.553000, 32, 6044836, 5864188
pc6/520Proj4/proj4/3-way-pthreads/slurm-3453240.out:DATA, 2, (null), 4535860.159000, 4, 6463748, 6160964
pc6/520Proj4/proj4/3-way-pthreads/slurm-3453238.out:DATA, 2, (null), 4556944.081000, 4, 6463748, 6160964
pc6/520Proj4/proj4/3-way-pthreads/slurm-3453155.out:DATA, 2, (null), 2208148.440000, 2, 6019404, 5864000
pc6/520Proj4/proj4/3-way-pthreads/slurm-3453282.out:DATA, 2, (null), 1150359.726000, 16, 7250260, 6161040
pc6/520Proj4/proj4/3-way-pthreads/slurm-3452616.out:DATA, 2, (null), 1140339.351000, 2, 3820184, 3227628
pc6/520Proj4/proj4/3-way-pthreads/slurm-3453153.out:DATA, 2, (null), 4163543.586000, 1, 5945668, 5863992
pc6/520Proj4/proj4/3-way-pthreads/slurm-3453354.out:DATA, 2, (null), 4525918.356000, 8, 6725908, 6160964
pc6/520Proj4/proj4/3-way-pthreads/slurm-3453386.out:DATA, 2, (null), 2325931.787000, 4, 6463748, 6160964
pc6/520Proj4/proj4/3-way-pthreads/slurm-3453133.out:DATA, 2, (null), 4201029.075000, 1, 5945668, 5863992
pc6/520Proj4/proj4/3-way-pthreads/slurm-3453143.out:DATA, 2, (null), 2274484.117000, 8, 6429060, 5864116
pc6/520Proj4/proj4/3-way-pthreads/slurm-3453295.out:DATA, 2, (null), 3994724.386000, 2, 6316276, 6160932
pc6/520Proj4/proj4/3-way-pthreads/slurm-3453404.out:DATA, 2, (null), 2311672.322000, 4, 6463748, 6160892
pc6/520Proj4/proj4/3-way-pthreads/slurm-3453128.out:DATA, 2, (null), 4546029.991000, 16, 6953380, 5864144
pc6/520Proj4/proj4/3-way-pthreads/slurm-3453170.out:DATA, 2, (null), 4017142.788000, 1, 5945668, 5864040
pc6/520Proj4/proj4/3-way-pthreads/slurm-3453368.out:DATA, 2, (null), 2279634.863000, 4, 6463748, 6160892
pc6/520Proj4/proj4/3-way-pthreads/slurm-3453131.out:DATA, 2, (null), 4204418.523000, 32, 6044836, 5864156
pc6/520Proj4/proj4/3-way-pthreads/slurm-3453367.out:DATA, 2, (null), 2241822.054000, 4, 6463748, 6160916
pc6/520Proj4/proj4/3-way-pthreads/slurm-3452668.out:DATA, 2, (null), 1993761.655000, 1, 3746448, 3314048
pc6/520Proj4/proj4/3-way-pthreads/slurm-3453249.out:DATA, 2, (null), 4545095.374000, 32, 6248084, 6161240
pc6/520Proj4/proj4/3-way-pthreads/slurm-3452628.out:DATA, 2, (null), 1162184.449000, 32, 4579992, 3227620
pc6/520Proj4/proj4/3-way-pthreads/slurm-3453132.out:DATA, 2, (null), 4480083.998000, 32, 6044836, 5864156
pc6/520Proj4/proj4/3-way-pthreads/slurm-3453391.out:DATA, 2, (null), 1140971.568000, 8, 6725908, 6160964
pc6/520Proj4/proj4/3-way-pthreads/slurm-3452623.out:DATA, 2, (null), 1143149.739000, 8, 4229816, 3227608
pc6/520Proj4/proj4/3-way-pthreads/slurm-3453157.out:DATA, 2, (null), 1160791.094000, 4, 6166884, 5864024
pc6/520Proj4/proj4/3-way-pthreads/slurm-3452649.out:DATA, 2, (null), 2233568.179000, 1, 3746448, 3227540
pc6/520Proj4/proj4/3-way-pthreads/slurm-3452635.out:DATA, 2, (null), 1115636.504000, 2, 3820184, 3227572
pc6/520Proj4/proj4/3-way-pthreads/slurm-3453292.out:DATA, 2, (null), 4847546.647000, 2, 6316276, 6160932
pc6/520Proj4/proj4/3-way-pthreads/slurm-3453405.out:DATA, 2, (null), 2088598.577000, 4, 6463748, 6160964
pc6/520Proj4/proj4/3-way-pthreads/slurm-3452644.out:DATA, 2, (null), 587015.970000, 16, 4752152, 3228060
pc6/520Proj4/proj4/3-way-pthreads/slurm-3453152.out:DATA, 2, (null), 4162003.519000, 1, 5945668, 5863992
pc6/520Proj4/proj4/3-way-pthreads/slurm-3452617.out:DATA, 2, (null), 1141620.380000, 2, 3820184, 3227628
pc6/520Proj4/proj4/3-way-pthreads/slurm-3453245.out:DATA, 2, (null), 4557637.355000, 16, 7250260, 6161072
pc6/520Proj4/proj4/3-way-pthreads/slurm-3453281.out:DATA, 2, (null), 1141241.397000, 16, 7250260, 6161012
pc6/520Proj4/proj4/3-way-pthreads/slurm-3453393.out:DATA, 2, (null), 1142825.699000, 16, 7250260, 6161044
pc6/520Proj4/proj4/3-way-pthreads/slurm-3453178.out:DATA, 2, (null), 613342.339000, 8, 6429060, 5864132
pc6/520Proj4/proj4/3-way-pthreads/slurm-3452648.out:DATA, 2, (null), 2270125.173000, 1, 3746448, 3266036
pc6/520Proj4/proj4/3-way-pthreads/slurm-3453225.out:DATA, 2, (null), 9362743.751000, 8, 6725908, 6160964
pc6/520Proj4/proj4/3-way-pthreads/slurm-3452618.out:DATA, 2, (null), 1112624.465000, 4, 3967656, 3227652
pc6/520Proj4/proj4/3-way-pthreads/slurm-3453148.out:DATA, 2, (null), 2272737.152000, 32, 6044836, 5864188
pc6/520Proj4/proj4/3-way-pthreads/slurm-3452626.out:DATA, 2, (null), 1167307.229000, 16, 4752152, 3227704
pc6/520Proj4/proj4/3-way-pthreads/slurm-3452652.out:DATA, 2, (null), 1054099.599000, 2, 3820184, 3320496
pc6/520Proj4/proj4/3-way-pthreads/slurm-3453285.out:DATA, 2, (null), 1140186.188000, 32, 6248084, 6161244
pc6/520Proj4/proj4/3-way-pthreads/slurm-3453243.out:DATA, 2, (null), 4555579.209000, 8, 6725908, 6160980
pc6/520Proj4/proj4/3-way-pthreads/slurm-3453180.out:DATA, 2, (null), 1283104.251000, 8, 6725908, 6160996
pc6/520Proj4/proj4/3-way-pthreads/slurm-3453165.out:DATA, 2, (null), 1182145.792000, 16, 6953380, 5864176
pc6/520Proj4/proj4/3-way-pthreads/slurm-3452661.out:DATA, 2, (null), 291213.190000, 16, 4752152, 3227664
pc6/520Proj4/proj4/3-way-pthreads/slurm-3453145.out:DATA, 2, (null), 2274679.934000, 16, 6953380, 5864176
pc6/520Proj4/proj4/3-way-pthreads/slurm-3453369.out:DATA, 2, (null), 2278277.242000, 8, 6725908, 6160996
pc6/520Proj4/proj4/3-way-pthreads/slurm-3453395.out:DATA, 2, (null), 1142528.452000, 32, 6248084, 6161224
pc6/520Proj4/proj4/3-way-pthreads/slurm-3453269.out:DATA, 2, (null), 9158020.680000, 1, 6242544, 6160868
pc6/520Proj4/proj4/3-way-pthreads/slurm-3453293.out:DATA, 2, (null), 3961158.884000, 2, 6316276, 6160876
pc6/520Proj4/proj4/3-way-pthreads/slurm-3453169.out:DATA, 2, (null), 3978206.114000, 1, 5945668, 5863992
pc6/520Proj4/proj4/3-way-pthreads/slurm-3452604.out:DATA, 2, (null), 2210492.574000, 8, 4229816, 3227604
pc6/520Proj4/proj4/3-way-pthreads/slurm-3453302.out:DATA, 2, (null), 1109010.008000, 8, 6725908, 6161000
pc6/520Proj4/proj4/3-way-pthreads/slurm-3453392.out:DATA, 2, (null), 1142289.843000, 16, 7250260, 6161008
pc6/520Proj4/proj4/3-way-pthreads/slurm-3452609.out:DATA, 2, (null), 2121683.195000, 32, 4579992, 3227620
pc6/520Proj4/proj4/3-way-pthreads/slurm-3453253.out:DATA, 2, (null), 9235079.789000, 1, 6242544, 6160868
pc6/520Proj4/proj4/3-way-pthreads/slurm-3453385.out:DATA, 2, (null), 2213696.941000, 4, 6463748, 6160892
pc6/520Proj4/proj4/3-way-pthreads/slurm-3453403.out:DATA, 2, (null), 4596911.573000, 2, 6316276, 6160932
pc6/520Proj4/proj4/3-way-pthreads/slurm-3453201.out:DATA, 2, (null), 575331.571000, 16, 7250260, 6161040
pc6/520Proj4/proj4/3-way-pthreads/slurm-3452666.out:DATA, 2, (null), 2169993.508000, 1, 3746448, 3310512
pc6/520Proj4/proj4/3-way-pthreads/slurm-3452651.out:DATA, 2, (null), 1045750.793000, 2, 3820184, 3664060
pc6/520Proj4/proj4/3-way-pthreads/slurm-3453236.out:DATA, 2, (null), 4713775.926000, 2, 6316276, 6160932
pc6/520Proj4/proj4/3-way-pthreads/slurm-3453379.out:DATA, 2, (null), 8031915.100000, 1, 6242544, 6160868
pc6/520Proj4/proj4/3-way-pthreads/slurm-3453360.out:DATA, 2, (null), 4487534.767000, 32, 6248084, 6161240
pc6/520Proj4/proj4/3-way-pthreads/slurm-3452667.out:DATA, 2, (null), 2145826.754000, 1, 3746448, 3664408
pc6/520Proj4/proj4/3-way-pthreads/slurm-3453394.out:DATA, 2, (null), 1145578.389000, 16, 7250260, 6161040
pc6/520Proj4/proj4/3-way-pthreads/slurm-3453181.out:DATA, 2, (null), 1317084.500000, 16, 7250260, 6161044
pc6/520Proj4/proj4/3-way-pthreads/slurm-3453156.out:DATA, 2, (null), 2179915.357000, 2, 6019404, 5864004
pc6/520Proj4/proj4/3-way-pthreads/slurm-3453216.out:DATA, 2, (null), 9298684.725000, 1, 6242544, 6160868
pc6/520Proj4/proj4/3-way-pthreads/slurm-3453226.out:DATA, 2, (null), 8653141.655000, 16, 7250260, 6161008
pc6/520Proj4/proj4/3-way-pthreads/slurm-3453190.out:DATA, 2, (null), 3992405.903000, 2, 6316276, 6160932
pc6/520Proj4/proj4/3-way-pthreads/slurm-3453235.out:DATA, 2, (null), 3480141.862000, 2, 5655144, 5499748
pc6/520Proj4/proj4/3-way-pthreads/slurm-3453406.out:DATA, 2, (null), 2084872.299000, 4, 6463748, 6160892
pc6/520Proj4/proj4/3-way-pthreads/slurm-3453309.out:DATA, 2, (null), 587804.216000, 16, 7250260, 6161056
pc6/520Proj4/proj4/3-way-pthreads/slurm-3453365.out:DATA, 2, (null), 4412405.858000, 2, 6316276, 6160876
pc6/520Proj4/proj4/3-way-pthreads/slurm-3453415.out:DATA, 2, (null), 599510.785000, 32, 6248084, 6160716
pc6/520Proj4/proj4/3-way-pthreads/slurm-3452657.out:DATA, 2, (null), 294746.473000, 8, 4229816, 3227572
pc6/520Proj4/proj4/3-way-pthreads/slurm-3453115.out:DATA, 2, (null), 4517332.517000, 1, 5945668, 5863996
pc6/520Proj4/proj4/3-way-pthreads/slurm-3453255.out:DATA, 2, (null), 4666158.243000, 2, 6316276, 6160876
pc6/520Proj4/proj4/3-way-pthreads/slurm-3453325.out:DATA, 2, (null), 8772240.045000, 1, 6242544, 6160868
pc6/520Proj4/proj4/3-way-pthreads/slurm-3452645.out:DATA, 2, (null), 570167.864000, 32, 4579992, 3229452
pc6/520Proj4/proj4/3-way-pthreads/slurm-3453160.out:DATA, 2, (null), 1160813.817000, 8, 6429060, 5864100
pc6/520Proj4/proj4/3-way-pthreads/slurm-3453185.out:DATA, 2, (null), 1141927.448000, 32, 6248084, 6161240
pc6/520Proj4/proj4/3-way-pthreads/slurm-3453241.out:DATA, 2, (null), 4557355.820000, 4, 6463748, 6160892
pc6/520Proj4/proj4/3-way-pthreads/slurm-3452639.out:DATA, 2, (null), 585040.228000, 8, 4229816, 3396620
pc6/520Proj4/proj4/3-way-pthreads/slurm-3452656.out:DATA, 2, (null), 583427.166000, 4, 3967656, 3228156
pc6/520Proj4/proj4/3-way-pthreads/slurm-3453195.out:DATA, 2, (null), 2088477.217000, 4, 6463748, 6160964
pc6/520Proj4/proj4/3-way-pthreads/slurm-3453147.out:DATA, 2, (null), 2274882.240000, 16, 6953380, 5864144
pc6/520Proj4/proj4/3-way-pthreads/slurm-3453409.out:DATA, 2, (null), 1170928.095000, 8, 6725908, 6158520
pc6/520Proj4/proj4/3-way-pthreads/slurm-3452671.out:DATA, 2, (null), 994292.169000, 2, 3820184, 3450180
pc6/520Proj4/proj4/3-way-pthreads/slurm-3453136.out:DATA, 2, (null), 2276652.312000, 2, 6019404, 5864000
pc6/520Proj4/proj4/3-way-pthreads/slurm-3453129.out:DATA, 2, (null), 4546138.905000, 16, 6953380, 5864176
pc6/520Proj4/proj4/3-way-pthreads/slurm-3453306.out:DATA, 2, (null), 1108045.123000, 8, 6725908, 6161016
pc6/520Proj4/proj4/3-way-pthreads/slurm-3453271.out:DATA, 2, (null), 7981973.127000, 1, 6242544, 6160868
pc6/520Proj4/proj4/3-way-pthreads/slurm-3453130.out:DATA, 2, (null), 4546202.381000, 32, 6044836, 5864188
pc6/520Proj4/proj4/3-way-pthreads/slurm-3452598.out:DATA, 2, (null), 2335327.582000, 2, 3820184, 3227628
pc6/520Proj4/proj4/3-way-pthreads/slurm-3452646.out:DATA, 2, (null), 570423.133000, 32, 4579992, 3238936
pc6/520Proj4/proj4/3-way-pthreads/slurm-3453335.out:DATA, 2, (null), 9093476.132000, 8, 6725908, 6160964
pc6/520Proj4/proj4/3-way-pthreads/slurm-3452594.out:DATA, 2, (null), 2104951.642000, 1, 3746448, 3227540
pc6/520Proj4/proj4/3-way-pthreads/slurm-3453370.out:DATA, 2, (null), 2280068.994000, 8, 6725908, 6161032
pc6/520Proj4/proj4/3-way-pthreads/slurm-3453256.out:DATA, 2, (null), 4654292.851000, 2, 6316276, 6160876
pc6/520Proj4/proj4/3-way-pthreads/slurm-3452685.out:DATA, 2, (null), 162750.714000, 16, 4752152, 3230220
pc6/520Proj4/proj4/3-way-pthreads/slurm-3452636.out:DATA, 2, (null), 559434.995000, 4, 3967656, 3227596
pc6/520Proj4/proj4/3-way-pthreads/slurm-3453140.out:DATA, 2, (null), 2276959.536000, 4, 6166884, 5864024
pc6/520Proj4/proj4/3-way-pthreads/slurm-3453229.out:DATA, 2, (null), 9045557.815000, 32, 6248084, 6161240
pc6/520Proj4/proj4/3-way-pthreads/slurm-3452632.out:DATA, 2, (null), 2322064.480000, 1, 3746448, 3227588
pc6/520Proj4/proj4/3-way-pthreads/slurm-3453264.out:DATA, 2, (null), 2278435.702000, 16, 7250260, 6161056
pc6/520Proj4/proj4/3-way-pthreads/slurm-3452607.out:DATA, 2, (null), 2232939.144000, 16, 4752152, 3227696
pc6/520Proj4/proj4/3-way-pthreads/slurm-3452659.out:DATA, 2, (null), 291221.317000, 8, 4229816, 3227628
pc6/520Proj4/proj4/3-way-pthreads/slurm-3453357.out:DATA, 2, (null), 4551429.594000, 16, 7250260, 6161040
pc6/520Proj4/proj4/3-way-pthreads/slurm-3453119.out:DATA, 2, (null), 3985562.733000, 2, 6019404, 5864000
pc6/520Proj4/proj4/3-way-pthreads/slurm-3452622.out:DATA, 2, (null), 1138521.165000, 8, 4229816, 3227576
pc6/520Proj4/proj4/3-way-pthreads/slurm-3453188.out:DATA, 2, (null), 9086549.233000, 1, 6242544, 6160868
pc6/520Proj4/proj4/3-way-pthreads/slurm-3453247.out:DATA, 2, (null), 4555810.645000, 16, 7250260, 6161012
pc6/520Proj4/proj4/3-way-pthreads/slurm-3452634.out:DATA, 2, (null), 1175031.124000, 2, 3820184, 3227992
pc6/520Proj4/proj4/3-way-pthreads/slurm-3453327.out:DATA, 2, (null), 8840608.097000, 1, 6242544, 6160868
pc6/520Proj4/proj4/3-way-pthreads/slurm-3453263.out:DATA, 2, (null), 2345158.102000, 16, 7250260, 6160772
pc6/520Proj4/proj4/3-way-pthreads/slurm-3453151.out:DATA, 2, (null), 4268964.036000, 1, 5945668, 5863996
pc6/520Proj4/proj4/3-way-pthreads/slurm-3453176.out:DATA, 2, (null), 1165592.856000, 4, 6166884, 5864024
pc6/520Proj4/proj4/3-way-pthreads/slurm-3452620.out:DATA, 2, (null), 1130135.736000, 4, 3967656, 3227668
pc6/520Proj4/proj4/3-way-pthreads/slurm-3453244.out:DATA, 2, (null), 4555162.004000, 8, 6725908, 6160968
pc6/520Proj4/proj4/3-way-pthreads/slurm-3453299.out:DATA, 2, (null), 2090263.111000, 4, 6463748, 6160964
pc6/520Proj4/proj4/3-way-pthreads/slurm-3452676.out:DATA, 2, (null), 293030.914000, 8, 4229816, 3662016
pc6/520Proj4/proj4/3-way-pthreads/slurm-3452599.out:DATA, 2, (null), 2333114.798000, 2, 3820184, 3227628
pc6/520Proj4/proj4/3-way-pthreads/slurm-3453192.out:DATA, 2, (null), 3978180.488000, 2, 6316276, 6160876
pc6/520Proj4/proj4/3-way-pthreads/slurm-3452630.out:DATA, 2, (null), 2093987.730000, 1, 3746448, 3227604
pc6/520Proj4/proj4/3-way-pthreads/slurm-3453232.out:DATA, 2, (null), 7084528.953000, 1, 5581408, 5499736
pc6/520Proj4/proj4/3-way-pthreads/slurm-3453342.out:DATA, 2, (null), 8458311.633000, 32, 6248084, 6161240
pc6/520Proj4/proj4/3-way-pthreads/slurm-3453218.out:DATA, 2, (null), 9293760.499000, 2, 6316276, 6160876
pc6/520Proj4/proj4/3-way-pthreads/slurm-3453177.out:DATA, 2, (null), 1164240.230000, 4, 6166884, 5864024
pc6/520Proj4/proj4/3-way-pthreads/slurm-3453397.out:DATA, 2, (null), 1191534.563000, 32, 6248084, 6161244
pc6/520Proj4/proj4/3-way-pthreads/slurm-3453308.out:DATA, 2, (null), 577070.346000, 16, 7250260, 6161040
pc6/520Proj4/proj4/3-way-pthreads/slurm-3453352.out:DATA, 2, (null), 4550980.495000, 8, 6725908, 6160964
pc6/520Proj4/proj4/3-way-pthreads/slurm-3453402.out:DATA, 2, (null), 3965572.451000, 2, 6316276, 6160932
pc6/520Proj4/proj4/3-way-pthreads/slurm-3453258.out:DATA, 2, (null), 2323734.777000, 4, 6463748, 6160892
pc6/520Proj4/proj4/3-way-pthreads/slurm-3453234.out:DATA, 2, (null), 8852269.234000, 1, 6242544, 6160872
pc6/520Proj4/proj4/3-way-pthreads/slurm-3452613.out:DATA, 2, (null), 2234512.399000, 1, 3746448, 3227540
pc6/520Proj4/proj4/3-way-pthreads/slurm-3453334.out:DATA, 2, (null), 9093622.263000, 8, 6725908, 6160996
pc6/520Proj4/proj4/3-way-pthreads/slurm-3453124.out:DATA, 2, (null), 4204418.423000, 8, 6429060, 5864100
pc6/520Proj4/proj4/3-way-pthreads/slurm-3453199.out:DATA, 2, (null), 575171.235000, 16, 7250260, 6161044
pc6/520Proj4/proj4/3-way-pthreads/slurm-3452611.out:DATA, 2, (null), 2134166.513000, 32, 4579992, 3227620
pc6/520Proj4/proj4/3-way-pthreads/slurm-3453223.out:DATA, 2, (null), 10544172.361000, 8, 6725908, 6160964
pc6/520Proj4/proj4/3-way-pthreads/slurm-3453214.out:DATA, 2, (null), 9362391.069000, 1, 6242544, 6160868
pc6/520Proj4/proj4/3-way-pthreads/slurm-3453340.out:DATA, 2, (null), 8458670.385000, 32, 6248084, 6161240
pc6/520Proj4/proj4/3-way-pthreads/slurm-3452664.out:DATA, 2, (null), 293028.737000, 32, 4579992, 3657376
pc6/520Proj4/proj4/3-way-pthreads/slurm-3452595.out:DATA, 2, (null), 2268432.127000, 1, 3746448, 3227540
pc6/520Proj4/proj4/3-way-pthreads/slurm-3453329.out:DATA, 2, (null), 8839983.994000, 2, 6316276, 6160876
pc6/520Proj4/proj4/3-way-pthreads/slurm-3453358.out:DATA, 2, (null), 4687561.651000, 32, 6248084, 6160940
pc6/520Proj4/proj4/3-way-pthreads/slurm-3453254.out:DATA, 2, (null), 4724315.056000, 2, 6316276, 6160932
pc6/520Proj4/proj4/3-way-pthreads/slurm-3453283.out:DATA, 2, (null), 1141492.621000, 16, 7250260, 6161044
pc6/520Proj4/proj4/3-way-pthreads/slurm-3452610.out:DATA, 2, (null), 2118625.777000, 32, 4579992, 3227620
pc6/520Proj4/proj4/3-way-pthreads/slurm-3453139.out:DATA, 2, (null), 2278041.709000, 4, 6166884, 5864024
pc6/520Proj4/proj4/3-way-pthreads/slurm-3453349.out:DATA, 2, (null), 4558301.030000, 4, 6463748, 6160964
pc6/520Proj4/proj4/3-way-pthreads/slurm-3452642.out:DATA, 2, (null), 623942.960000, 16, 4752152, 3227696
pc6/520Proj4/proj4/3-way-pthreads/slurm-3453384.out:DATA, 2, (null), 4183350.256000, 2, 6316276, 6160876
pc6/520Proj4/proj4/3-way-pthreads/slurm-3453280.out:DATA, 2, (null), 1141102.908000, 8, 6725908, 6161000
pc6/520Proj4/proj4/3-way-pthreads/slurm-3452640.out:DATA, 2, (null), 581988.743000, 8, 4229816, 3663444
pc6/520Proj4/proj4/3-way-pthreads/slurm-3453353.out:DATA, 2, (null), 4550880.413000, 8, 6725908, 6160980
pc6/520Proj4/proj4/3-way-pthreads/slurm-3452627.out:DATA, 2, (null), 1133360.915000, 32, 4579992, 3227588
pc6/520Proj4/proj4/3-way-pthreads/slurm-3453182.out:DATA, 2, (null), 1153058.288000, 16, 7250260, 6156816
pc6/520Proj4/proj4/3-way-pthreads/slurm-3452682.out:DATA, 2, (null), 148105.190000, 16, 4752152, 3621976
pc6/520Proj4/proj4/3-way-pthreads/slurm-3453407.out:DATA, 2, (null), 1165418.644000, 8, 6725908, 6160996
pc6/520Proj4/proj4/3-way-pthreads/slurm-3452654.out:DATA, 2, (null), 583413.734000, 4, 3967656, 3228848
pc6/520Proj4/proj4/3-way-pthreads/slurm-3452658.out:DATA, 2, (null), 291321.262000, 8, 4229816, 3235904
pc6/520Proj4/proj4/3-way-pthreads/slurm-3452605.out:DATA, 2, (null), 2231727.461000, 8, 4229816, 3227572
pc6/520Proj4/proj4/3-way-pthreads/slurm-3452633.out:DATA, 2, (null), 1165367.702000, 2, 3820184, 3227628
pc6/520Proj4/proj4/3-way-pthreads/slurm-3453266.out:DATA, 2, (null), 2329313.455000, 32, 6248084, 6160092
pc6/520Proj4/proj4/3-way-pthreads/slurm-3453117.out:DATA, 2, (null), 4524618.312000, 1, 5945668, 5863996
pc6/520Proj4/proj4/3-way-pthreads/slurm-3453224.out:DATA, 2, (null), 9363104.665000, 8, 6725908, 6160964
pc6/520Proj4/proj4/3-way-pthreads/slurm-3453274.out:DATA, 2, (null), 4641420.774000, 2, 6316276, 6160876
pc6/520Proj4/proj4/3-way-pthreads/slurm-3453396.out:DATA, 2, (null), 1142759.045000, 32, 6248084, 6161208
pc6/520Proj4/proj4/3-way-pthreads/slurm-3453167.out:DATA, 2, (null), 1158523.528000, 32, 6044836, 5864156
pc6/520Proj4/proj4/3-way-pthreads/slurm-3452647.out:DATA, 2, (null), 570178.525000, 32, 4579992, 3227588
pc6/520Proj4/proj4/3-way-pthreads/slurm-3452678.out:DATA, 2, (null), 279538.025000, 8, 4229816, 3274608
pc6/520Proj4/proj4/3-way-pthreads/slurm-3453362.out:DATA, 2, (null), 8337123.522000, 1, 6242544, 6160868
pc6/520Proj4/proj4/3-way-pthreads/slurm-3452637.out:DATA, 2, (null), 697213.559000, 4, 3967656, 3231584
pc6/520Proj4/proj4/3-way-pthreads/slurm-3452625.out:DATA, 2, (null), 1159615.953000, 16, 4752152, 3227700
pc6/520Proj4/proj4/3-way-pthreads/slurm-3453375.out:DATA, 2, (null), 2283034.632000, 32, 6248084, 6161240
pc6/520Proj4/proj4/3-way-pthreads/slurm-3452603.out:DATA, 2, (null), 2212821.399000, 8, 4229816, 3227604
pc6/520Proj4/proj4/3-way-pthreads/slurm-3453219.out:DATA, 2, (null), 9297453.632000, 2, 6316276, 6160876
pc6/520Proj4/proj4/3-way-pthreads/slurm-3453173.out:DATA, 2, (null), 2087059.007000, 2, 6019404, 5864000
pc6/520Proj4/proj4/3-way-pthreads/slurm-3453389.out:DATA, 2, (null), 1139582.604000, 8, 6725908, 6160996
pc6/520Proj4/proj4/3-way-pthreads/slurm-3453310.out:DATA, 2, (null), 577177.874000, 32, 6248084, 6161244
pc6/520Proj4/proj4/3-way-pthreads/slurm-3453267.out:DATA, 2, (null), 2400069.787000, 32, 6248084, 6157084
pc6/520Proj4/proj4/3-way-pthreads/slurm-3453307.out:DATA, 2, (null), 589451.254000, 16, 7250260, 6161048
pc6/520Proj4/proj4/3-way-pthreads/slurm-3453162.out:DATA, 2, (null), 1158714.564000, 8, 6429060, 5864132
pc6/520Proj4/proj4/3-way-pthreads/slurm-3453121.out:DATA, 2, (null), 4538077.825000, 4, 6166884, 5864024
pc6/520Proj4/proj4/3-way-pthreads/slurm-3453408.out:DATA, 2, (null), 1173844.317000, 8, 6725908, 6113528
pc6/520Proj4/proj4/3-way-pthreads/slurm-3453284.out:DATA, 2, (null), 1143495.017000, 32, 6248084, 6161240
pc6/520Proj4/proj4/3-way-pthreads/slurm-3453142.out:DATA, 2, (null), 2278092.929000, 8, 6429060, 5864100
pc6/520Proj4/proj4/3-way-pthreads/slurm-3452674.out:DATA, 2, (null), 531771.696000, 4, 3967656, 3320956
pc6/520Proj4/proj4/3-way-pthreads/slurm-3453125.out:DATA, 2, (null), 4204817.387000, 8, 6429060, 5864100
pc6/520Proj4/proj4/3-way-pthreads/slurm-3452662.out:DATA, 2, (null), 308846.359000, 16, 4752152, 3228028
pc6/520Proj4/proj4/3-way-pthreads/slurm-3453326.out:DATA, 2, (null), 8840843.166000, 1, 6242544, 6160868
pc6/520Proj4/proj4/3-way-pthreads/slurm-3452660.out:DATA, 2, (null), 291327.877000, 16, 4752152, 3230184
pc6/520Proj4/proj4/3-way-pthreads/slurm-3453137.out:DATA, 2, (null), 2276664.291000, 2, 6019404, 5864000
pc6/520Proj4/proj4/3-way-pthreads/slurm-3453347.out:DATA, 2, (null), 4546252.122000, 2, 6316276, 6160876
pc6/520Proj4/proj4/3-way-pthreads/slurm-3453276.out:DATA, 2, (null), 2214393.378000, 4, 6463748, 6160892
pc6/520Proj4/proj4/3-way-pthreads/slurm-3452614.out:DATA, 2, (null), 2091066.825000, 1, 3746448, 3227540
pc6/520Proj4/proj4/3-way-pthreads/slurm-3453144.out:DATA, 2, (null), 2352767.224000, 8, 6429060, 5864136
pc6/520Proj4/proj4/3-way-pthreads/slurm-3453383.out:DATA, 2, (null), 5012797.488000, 2, 6316276, 6160932
pc6/520Proj4/proj4/3-way-pthreads/slurm-3453196.out:DATA, 2, (null), 1326001.477000, 8, 6725908, 6160964
pc6/520Proj4/proj4/3-way-pthreads/slurm-3453189.out:DATA, 2, (null), 8671135.583000, 1, 6242544, 6160868
pc6/520Proj4/proj4/3-way-pthreads/slurm-3453183.out:DATA, 2, (null), 1140168.070000, 16, 7250260, 6161008
pc6/520Proj4/proj4/3-way-pthreads/slurm-3453118.out:DATA, 2, (null), 4511359.912000, 2, 6019404, 5864008
pc6/520Proj4/proj4/3-way-pthreads/slurm-3452673.out:DATA, 2, (null), 578997.633000, 4, 3967656, 3229212
pc6/520Proj4/proj4/3-way-pthreads/slurm-3453194.out:DATA, 2, (null), 2087702.073000, 4, 6463748, 6160892
pc6/520Proj4/proj4/3-way-pthreads/slurm-3453215.out:DATA, 2, (null), 9406985.251000, 1, 6242544, 6160868
pc6/520Proj4/proj4/3-way-pthreads/slurm-3453268.out:DATA, 2, (null), 2233734.497000, 32, 6248084, 6161208
pc6/520Proj4/proj4/3-way-pthreads/slurm-3453252.out:DATA, 2, (null), 9234313.007000, 1, 6242544, 6160868
pc6/520Proj4/proj4/3-way-pthreads/slurm-3453290.out:DATA, 2, (null), 7926821.595000, 1, 6242544, 6160872
pc6/520Proj4/proj4/3-way-pthreads/slurm-3453228.out:DATA, 2, (null), 8509256.843000, 16, 7250260, 6161040
pc6/520Proj4/proj4/3-way-pthreads/slurm-3452650.out:DATA, 2, (null), 2215359.998000, 1, 3746448, 3241456
pc6/520Proj4/proj4/3-way-pthreads/slurm-3453217.out:DATA, 2, (null), 9381347.830000, 2, 6316276, 6160932
pc6/520Proj4/proj4/3-way-pthreads/slurm-3453184.out:DATA, 2, (null), 1165364.011000, 32, 6248084, 6161240
pc6/520Proj4/proj4/3-way-pthreads/slurm-3453414.out:DATA, 2, (null), 631491.524000, 32, 6248084, 6160576
pc6/520Proj4/proj4/3-way-pthreads/slurm-3453410.out:DATA, 2, (null), 592938.696000, 16, 7250260, 6159804
pc6/520Proj4/proj4/3-way-pthreads/slurm-3453251.out:DATA, 2, (null), 8895451.152000, 1, 6242544, 6160868
pc6/520Proj4/proj4/3-way-pthreads/slurm-3453411.out:DATA, 2, (null), 600465.084000, 16, 7250260, 6160552
pc6/520Proj4/proj4/3-way-pthreads/slurm-3453163.out:DATA, 2, (null), 1158412.888000, 16, 6953380, 5864176
pc6/520Proj4/proj4/3-way-pthreads/slurm-3453286.out:DATA, 2, (null), 1139457.041000, 32, 6248084, 6161244
pc6/520Proj4/proj4/3-way-pthreads/slurm-3453270.out:DATA, 2, (null), 8045107.486000, 1, 6242544, 6160868
pc6/520Proj4/proj4/3-way-pthreads/slurm-3453187.out:DATA, 2, (null), 4658569.895000, 1, 5945668, 5863992
pc6/520Proj4/proj4/3-way-pthreads/slurm-3453312.out:DATA, 2, (null), 576185.956000, 32, 6248084, 6161240
pc6/520Proj4/proj4/3-way-pthreads/slurm-3453300.out:DATA, 2, (null), 2231024.981000, 4, 6463748, 6160964
pc6/520Proj4/proj4/3-way-pthreads/slurm-3453328.out:DATA, 2, (null), 8844373.642000, 2, 6316276, 6160876
pc6/520Proj4/proj4/3-way-pthreads/slurm-3453346.out:DATA, 2, (null), 4548714.563000, 2, 6316276, 6160932
pc6/520Proj4/proj4/3-way-pthreads/slurm-3453297.out:DATA, 2, (null), 2087188.951000, 4, 6463748, 6160892
pc6/520Proj4/proj4/3-way-pthreads/slurm-3452677.out:DATA, 2, (null), 293336.986000, 8, 4229816, 3227572
pc6/520Proj4/proj4/3-way-pthreads/slurm-3452663.out:DATA, 2, (null), 308111.405000, 32, 4579992, 3227588
pc6/520Proj4/proj4/3-way-pthreads/slurm-3453164.out:DATA, 2, (null), 1198359.679000, 16, 6953380, 5864176
pc6/520Proj4/proj4/3-way-pthreads/slurm-3453265.out:DATA, 2, (null), 2243592.195000, 16, 7250260, 6161044
pc6/520Proj4/proj4/3-way-pthreads/slurm-3452692.out:DATA, 2, (null), 151265.875000, 32, 4579992, 3563204
pc6/520Proj4/proj4/3-way-pthreads/slurm-3452631.out:DATA, 2, (null), 2093385.195000, 1, 3746448, 3227540
pc6/520Proj4/proj4/3-way-pthreads/slurm-3453246.out:DATA, 2, (null), 4557495.081000, 16, 7250260, 6161044
pc6/520Proj4/proj4/3-way-pthreads/slurm-3453336.out:DATA, 2, (null), 9093393.222000, 8, 6725908, 6160964
pc6/520Proj4/proj4/3-way-pthreads/slurm-3453230.out:DATA, 2, (null), 9077916.519000, 32, 6248084, 6161240
pc6/520Proj4/proj4/3-way-pthreads/slurm-3453171.out:DATA, 2, (null), 4110615.634000, 1, 5945668, 5864040
pc6/520Proj4/proj4/3-way-pthreads/slurm-3452690.out:DATA, 2, (null), 154757.219000, 32, 4579992, 3227972
pc6/520Proj4/proj4/3-way-pthreads/slurm-3453381.out:DATA, 2, (null), 8522277.023000, 1, 6242544, 6160868
pc6/520Proj4/proj4/3-way-pthreads/slurm-3453398.out:DATA, 2, (null), 7923961.685000, 1, 6242544, 6160872
pc6/520Proj4/proj4/3-way-pthreads/slurm-3453154.out:DATA, 2, (null), 2208660.608000, 2, 6019404, 5864000
pc6/520Proj4/proj4/3-way-pthreads/slurm-3453174.out:DATA, 2, (null), 2261372.012000, 2, 6019404, 5864056
pc6/520Proj4/proj4/3-way-pthreads/slurm-3453348.out:DATA, 2, (null), 4554985.975000, 2, 6316276, 6160876
pc6/520Proj4/proj4/3-way-pthreads/slurm-3453278.out:DATA, 2, (null), 1145525.426000, 8, 6725908, 6160996
pc6/520Proj4/proj4/3-way-pthreads/slurm-3453338.out:DATA, 2, (null), 8340108.763000, 16, 7250260, 6161040
pc6/520Proj4/proj4/3-way-pthreads/slurm-3453168.out:DATA, 2, (null), 1158445.623000, 32, 6044836, 5864188
pc6/520Proj4/proj4/3-way-pthreads/slurm-3453172.out:DATA, 2, (null), 2083798.854000, 2, 6019404, 5864000
